High School Life,"Live your own High School Life.  Meet & talk with boys -- go on dates, flirt and get a boyfriend.  Be popular, find love and make friends.   Text on your phone! 

Get popular!  Get a BFF and new boyfriends.  Get popular! 

Use our **NEW** Snapcat app to text everyone!  Work at the mall, get all the latest fashions for your closet, go on dates and to special events.  Get girlfriends and text!  Text boyfriends too! 
     
*Meet cute boys!  Chat!  Go on dates! 
*Go to dances with your boyfriend -- text him too. 
*Text your friends - get a new BFF! 
*Shopping for lots of different outfits and fashions. 
*5 different stores to find the right outfit for you and him! 

It all leads up to The Prom, where if you have the best outfits and best dance - you could be crowned Prom Queen.

ABOUT Sunstorm
Sunstorm is the pioneer of the popular ""Maker"" and ""Sunnyville"" series of games. Founded in 2009, Sunstorm provides creative and fun experiences for kids and parents to enjoy together. Sunstorm is a subsidiary of TabTale, a leading, global creator of innovative games, interactive books and educational apps.
Visit us: http://www.tabtale.com/ 
Like us: http://www.facebook.com/TabTale
Follow us:@Tabtale
Watch us: http://www.youtube.com/iTabtale

CONTACT US 
Let us know what you think! Questions? Suggestions? Technical Support? Contact us 24/7 at WeCare@TabTale.com.

IMPORTANT MESSAGE FOR PARENTS:

This app may include advertising for TabTale and certain third parties which will redirect users to our sites, apps or third-party sites. 

TabTale Ltd. is committed to protect the privacy of its apps users. This app may enable collection of limited user data by TabTale or its carefully selected third party providers (e.g. advertising networks and web analytics) for limited and lawful purposes (e.g. respond to support queries; maintain, analyze, provide and improve the app’s functionalities and performance; serve contextual advertising; protect app and users’ security). By downloading or using this app you accept TabTale’s Privacy Policy at: http://tabtale.com/privacy-policy/ and permit such uses for users of your device. For more information please refer to our Privacy Policy.","[['events'], ['fashions'], ['queries'], ['party', 'third'], ['serve', 'contextual'], ['e', 'g'], ['games'], ['refer', 'Privacy'], ['protect', 'app'], ['third-party', 'apps', 'sites'], ['redirect', 'users'], ['uses', 'users'], [], ['friends'], ['stores'], ['fun', 'creative'], ['kids', 'experiences']]","[['dates', 'special', 'girlfriends', 'Get'], ['different', 'get', 'latest', 'outfits', 'lots', 'different', 'outfits'], ['respond', 'analyze', 'support', 'maintain', 'analyze', 'provide', 'improve'], ['selected', 'providers'], ['performance', 'advertising'], ['advertising', 'providers', 'e', 'g', 'respond'], ['innovative', 'books', 'interactive', 'creator', 'leading', 'global', 'creator'], ['Policy', 'please'], ['advertising', 'users', 'committed', 'protect', 'privacy'], ['privacy', 'apps', 'users'], ['sites', 'parties'], ['device', 'permit'], ['right', 'Get', 'outfit', 'popular', 'boyfriends', 'find'], ['new', 'make', 'love', 'get', 'mall', 'get', 'latest'], ['different', 'right', '5', 'find'], ['experiences', 'provides'], ['fun', 'parents']]"
MaxPreps,"MaxPreps is America’s Source for High School Sports.

High school sports fans: Follow your favorite high school teams and get alerted when new information is available.  Find schedules, scores, rosters, stats and standings.  Get push notifications for game scores and when your favorite teams updates their sports information.

+ Get exclusive push notifications about your favorite teams
+ See real-time updates from all your favorite teams when games are scored live in the News Tab
+ Easily contribute live scores when attending a game, or become an official MaxPreps scorer and have fun providing live play-by-play updates to remote fans using the Scores Tab
+ Obtain an alert when your favorite team’s rankings are updated or when new photos or videos are published
+ Automatically get regional scores for teams in surrounding neighborhoods on the Scores Tab

With the most timely and complete high school sports information anywhere, the MaxPreps app is exactly what every high school sports fan needs to keep up with their favorite teams.

COACHES: Get our free team management and communication app, Teams by MaxPreps. Log in with your MaxPreps coach admin account credentials and share your team's unique app code to get your athletes and parents access. 

Feel free to email us anytime at, support@maxpreps.com.

***Currently available sports: Baseball, B/G Basketball, Field Hockey, Football, B/G Ice Hockey, B/G Lacrosse, B/G Soccer, Softball, B/G Volleyball, B/G Water Polo

***MaxPreps has, by far, the largest national database of high school information; but not every team or school participates at the same level.  The more information your favorite team or school provides MaxPreps the better you’ll be able to enjoy your MaxPreps App experience.","[['athletes', 'get'], ['push', 'notifications'], ['stats', 'rosters'], ['game', 'scores'], ['live', 'providing'], ['information'], ['favorite', 'team'], ['high', 'school'], ['school', 'sports'], ['updates', 'sports'], ['updates'], ['regional', 'scores'], ['favorite', 'teams'], ['credentials', 'share'], ['admin', 'account'], ['new', 'updated']]","[['code', 'parents'], ['exclusive', 'Get', 'standings', 'Get', 'push'], ['standings', 'scores', 'schedules', 'scores', 'rosters'], ['attending', 'favorite', 'game', 'become', 'official'], ['fun', 'play-by-play', 'contribute', 'live', 'scores'], ['new', 'alerted', 'The', 'level'], ['information', 'school', 'team', 'school', 'participates'], ['every', 'teams'], ['high', 'information', 'school', 'sports', 'fans'], ['information', 'teams'], ['See', 'play-by-play', 'live', 'real-time'], ['teams', 'get'], ['keep', 'scores', 'updates', 'favorite', 'teams'], ['account', 'team'], ['credentials', 'coach'], ['photos', 'rankings', 'far', 'largest', 'national']]"
Santa Margarita High School,"The Official App of Santa Margarita Catholic High School.
 
Use the App to check out the latest News and Events at the school.
 
Add a pic as your wallpaper, or look up contact information in the Directory.
 
Everything you need is right at your fingertips!
- Athletics - Find out the latest Eagle sports news, schedules, and score updates.
- Multimedia - Watch SMCHS YouTube videos and look through photos.
- Twitter - Stay up to date with news and links.
- Polls - Answer interactive questions to play an active role at school.
- Multimedia - Watch SMCHS videos and look through photos.
- Bulletins - Stay up to date with announcements, reminders and other important information.

And much more!","[['date', 'announcements'], ['information'], [], ['active', 'play'], ['schedules'], ['News', 'Events']]","[['reminders', 'Stay', 'Bulletins', 'Stay', 'date'], ['important', 'reminders', 'look', 'contact', 'pic', 'wallpaper', 'look'], ['right', 'fingertips', 'need', 'Athletics', 'Find', 'latest'], ['role', 'questions'], ['news', 'score', 'updates', 'sports'], ['school', 'latest', 'check', 'latest', 'News']]"
High School Bus Parking & Driving Test - 2K16 Extreme simulator 3d Edition,"*^*^*^* High School Bus Parking & Driving Test *^*^*^*

You had have fun car races or bike racing 3D games in your device, we invite you to get some new and extreme driving experience. Drive heavy duty school buses in busy streets of the city. Get some real time experience while driving heavy vehicles?
Let’s have some crazy fun and drive a big yellow School Bus! This game will make you sit in the front seat of a School bus and let you maneuver around the road. Sounds fun right? Steer the big bus, push on the pedal and drive your way around the city.

Features:
-It’s absolutely FREE on ios app store !
-Time base challenge finish tasks before time ends.
-Smooth and simple screen controls to drive bus easily.
-Realistic and amazing 3D graphics.
-Smooth controls and fun gameplay. 
-Superb background music to enhance your game plays experience.","[['store'], ['sit'], ['driving', 'experience'], ['duty', 'school'], ['enhance', 'music'], ['fun', 'gameplay'], ['background', '-Superb'], ['pedal', 'drive'], ['controls']]","[['app', 'base', 'ios', '-Time', 'challenge', 'finish', 'tasks'], ['front', 'game', 'make', 'seat'], ['heavy', 'extreme', 'driving', 'heavy', 'vehicles'], ['heavy', 'buses', 'buses', 'busy', 'streets'], ['game', 'background'], ['controls', '-Superb'], ['gameplay', 'music'], ['push', 'way', 'controls', 'drive', 'bus'], ['-Smooth', 'simple', 'screen', 'graphics']]"
Monster High™,"Welcome to Monster High! Monster High is unlike any high school out there and the students come from all walks of life. From ghosts and werewolves to vampires and sea monsters, everyone is welcome at Monster High.

Fierce Features:

1. Find out more about your favorite Monster High characters, including Frankie Stein™, Clawdeen Wolf™ and Draculaura™.

2. Design fangtastic fashions and dress up the ghouls in the Fashion Studio.

3. Design your own school I.D.

4. Catch up on the latest Monster High webisodes, movie trailers and music videos. 

5. Upload your own photos or use Monster High photos to create fangtastic photo collages.

6. Test your skills in the Game Room with the all new mini game available only in the app!

7. Party like a monster with your favorite Monster High music.

Note: This app allows users to create and modify photos. These photos are local to the device and never shared with any third parties or stored on our servers unless otherwise specified.

Privacy Policy: http://corporate.mattel.com/privacy-statement.aspx","[['students'], ['parties'], ['create'], ['monsters', 'sea'], [], ['specified', 'Privacy'], ['trailers', 'movie']]","[['high', 'school', 'come', 'walks', 'come', 'walks', 'life'], ['shared', 'stored', 'third', 'servers'], ['fangtastic', 'photo', 'modify', 'users', 'app', 'allows', 'users'], ['everyone', 'vampires', 'ghosts', 'werewolves', 'vampires'], ['ghouls', 'local', 'photos', 'fashions', 'device', 'dress'], ['Policy', 'otherwise'], ['music', 'webisodes']]"
Cheerleader's Revenge Story 4,"Dear Diary, I was supposed to be the star in the national cheerleading competition before I accidentally broke my legs and said goodbye to the championship.
Evelyn replaced me and won the cheerleading competition. She also stole my boyfriend, Jason. I broke up with my best friend and my boyfriend on the same day.
Today is Jason's birthday. I bet they will celebrate it together. I feel my heart is breaking into pieces. I should go back to training, maybe sports will make me feel better.


Features:
- It's Saturday today, let me sneak into the cheerleader training room. I urgently need some breakup workout!
- It seems that the security guard is off duty on Saturday. Let’s try to find the video clip of the rehearsal day.
- Evelyn framed me. I lost my position on the cheer team, I lost my boyfriend. I don't want to be the sweet pushover Haley anymore, I need a big change.
- I want to wear a revenge dress to Jason's birthday, I am gonna surprise them all.
- Lights? Cake? Flowers? They're not enough at all. I will give you the most ""memorable"" birthday in your life, Jason.


And so much more are waiting for you to find out!

More school love stories? Having problems or suggestions? We would love to hear from you!

You can find us on Facebook at https://www.facebook.com/hugsNheartsGames/
Or on Twitter at https://twitter.com/HugnHearts
For more information about Hugs N Hearts, please visit https://www.hugsnhearts.com/","[[], ['security', 'guard'], ['heart', 'breaking'], ['position', 'cheer'], ['school'], ['let', 'sneak'], ['said', 'goodbye'], ['video', 'find'], [], [], []]","[['breakup', 'urgently', 'waiting', 'much', 'need', 'find'], ['duty', 'seems'], ['feel', 'pieces'], ['lost', 'team'], ['love', 'stories', 'find', 'More', 'stories', 'Having', 'problems'], ['today', 'cheerleader', 'cheerleader', 'training', 'room'], ['legs', 'championship', 'accidentally', 'broke', 'legs'], ['try', 'clip', 'clip', 'rehearsal', 'day'], ['big', 'national', 'competition', 'cheerleading', 'need', 'change'], ['problems', 'suggestions', 'revenge', 'wear', 'want', 'Having'], ['sweet', 'pushover', 'Lights', 'want', 'Cake', 'Flowers']]"
High School Adventure,"Can you escape from the bully and win the contest?

A poster design contest at school is an excellent opportunity for Ellie and Alex to show their talent. In order to win the challenge, you need to find hidden objects, solve puzzles, break codes and test your logic skills! The only problem is that Buster, the school bully, would do everything he can to prevent Ellie and Alex from winning. Can you help Ellie and Alex beat Buster, overcome their obstacles and win the contest?

High School Adventure is a classic adventure game for all ages. The game includes English voice over.

Amazing graphics!
Innovative puzzles!
Catchy humor!
English voice over!
Room escape game elements!
100% FREE!","[['win'], ['design', 'contest'], ['break', 'codes'], ['objects'], ['includes', 'English']]","[['challenge', 'obstacles', 'order', 'contest'], ['poster', 'school', 'school', 'excellent', 'opportunity'], ['puzzles', 'test'], ['puzzles', 'hidden', 'solve', 'find'], ['game', 'voice', 'ages', 'The', 'game']]"
Cheerleaders Revenge 3-Breakup,"My name is Haley Peterson. I always thought I was the luckiest girl in the world. I am the best cheerleader in our school team, I had the best boyfriend Jason and the best friend Evelyn. 
However, all things changed that day. It's the rehearsal of national cheerleading competition finals, I accidentally fell down to the floor and broke my legs, that's goodbye to the national cheerleading championship. 
Later, I found Evelyn dated Jason behind my back. I feel like it is the end of the world, I am going to lose my boyfriend and my best friend in the same time. Evelyn also took my place in cheerleader team and she is going to compete in national cheerleading competition finals.
What should I do?

Features:
- Finally Haley can leave the hospital and go back home. Check out if her injuries are all healed!
- Should I go or not? It's the finals I have dreamed about forever. But now it's Evelyn's fight, not mine... Will Jason go cheer for her? I need to find the answer. 
- Look, it's Evelyn! If I was not injured during rehearsal, I would've been rocking this cheerleading competition. 
- I bet Evelyn and Jason are celebrating now. It's OK, I don't want to see them.
- I can't believe that Evelyn hates me for all these years, she is my best friend! OMG my mind is in a mess. Wait, there is a message from Jason. 

And so much more are waiting for you to find out!

More school love stories? Having problems or suggestions? We would love to hear from you!

You can find us on Facebook at https://www.facebook.com/hugsNheartsGames/
Or on Twitter at https://twitter.com/HugnHearts
For more information about Hugs N Hearts, please visit https://www.hugsnhearts.com/","[['boyfriend'], ['floor'], ['stories'], ['cheerleader'], [], [], ['national', 'cheerleading']]","[['going', 'friend', 'best', 'lose'], ['legs', 'fell', 'accidentally', 'broke'], ['problems', 'school', 'love', 'Having'], ['school', 'place', 'took', 'best', 'place', 'cheerleader', 'team'], ['problems', 'suggestions', 'Having', 'waiting', 'much', 'find'], ['things', 'changed', ""n't"", 'see', 'want', 'day'], ['championship', 'competition', 'cheerleading', 'competition', 'finals']]"
Miraculous Ladybug & Cat Noir,"The OFFICIAL Miraculous Ladybug app - don’t let any old red with black polkadot games fool you! This game is the real deal!

Join Miraculous Ladybug and Cat Noir on their Paris rescue mission, in this challenging, addictive & super fun runner! 
Paris, your beloved city, is in trouble, and only you can save it from destruction! Turn into awesome superheroes Miraculous Ladybug and Cat Noir, enter the Miraculous universe and run through the streets of Paris as you avoid obstacles and defeat villains. 

Everyone thinks you’re just an awkward teenager. But you’ve got a SECRET. You may be a run-of-the-mill teen by day, but by night you become a superhero. The city of love is in danger of being taken over by the mysterious supervillain Hawk Moth and his evil Akumas, and it’s up to you to save it. 

* Leap over rooftops & run through alleyways to save the day
* Dodge obstacles in your path 
* Play as Marinette & Ladybug, Adrien & Cat Noir
* Collect tokens & other surprises as you explore Paris
* Collect awesome power-ups
* Face off with dangerous villains Dark Cupid, Stormy Weather, The Bubbler & more

™ & © 2017. Zag-Method.

ABOUT US
Crazy Labs is a casual games brand, under which TabTale develops and publishes fun and addictive games. Crazy Labs partners with independent development studios across the globe to create engaging mobile content for audiences of all ages. 
Like us: https://www.facebook.com/crazylabsgames
Watch us: http://www.youtube.com/Tabtale
Visit us: http://tabtale.com/
Follow us:@CrazyLabsGames

CONTACT US 
Let us know what you think! Questions? Suggestions? Technical Support? Contact us 24/7 at Talk2Us@Crazy-Labs.com

PRIVACY:
The app is free to play but certain in-game items may require payment. The app includes:
- advertising for TabTale and some third parties that redirect users to our sites, apps or third-party sites
- social networks links to connect with others while playing
- the option to accept push notifications to inform of exciting news (e.g. updates) 
- an age-gate to prevent access to some features to protect children (e.g. restrict behavioral advertising or information sharing).
Your privacy matters. The app may enable data collection for limited purposes (e.g. respond to support queries; enable, analyze and improve the app’s features and services; personalize content including targeted ads and analyse those ads). For more information refer to our Privacy Policy: https://tabtale.com/privacy-policy/. Note that referred third parties are subject to their own policies. By downloading, updating or using the app you consent to this collection and use of device information and your data for ad display and reporting purposes, and to our Terms of Use: https://tabtale.com/terms-of-use/.","[['development', 'independent'], ['ads'], ['day'], ['links'], ['game'], ['engaging', 'mobile'], ['content', 'audiences'], ['parties'], ['third-party', 'apps', 'sites'], ['redirect', 'users'], ['taken', 'mysterious'], ['trouble'], ['city'], ['data', 'ad'], ['reporting', 'display'], ['device', 'information'], ['enable'], ['app'], ['consent'], ['news', 'e'], ['e', 'g'], ['features'], [], []]","[['partners', 'studios', 'universe', 'run', 'streets'], ['targeted', 'including', 'analyse'], ['teen', 'become', 'run-of-the-mill', 'night', 'alleyways', 'save', 'day'], ['social', 'networks', 'connect', 'others'], ['fool', 'real', 'This', 'deal'], ['content', 'create'], ['mobile', 'ages'], ['referred', 'third', 'policies', 'subject'], [], ['sites', 'parties'], ['supervillain', 'danger'], ['city', 'save', 'beloved', 'destruction'], ['love', 'The', 'superhero', 'danger'], ['information', 'display'], ['ad', 'purposes', 'reporting', 'purposes', 'Terms'], ['use', 'data', 'collection', 'use', 'device'], ['analyze', 'data', 'collection', 'queries', 'respond', 'support', 'queries'], ['matters', 'The', 'analyze', 'improve', 'app', 'free', 'play'], ['using', 'use', 'app', 'collection', 'collection', 'limited', 'purposes'], ['exciting', 'g'], ['respond', 'purposes', 'children', 'e', 'g'], ['access', 'prevent', 'protect', 'children'], ['villains', 'polkadot', 'obstacles', 'games', 'defeat', 'black'], ['challenging', 'awkward', 'mission', ""'re"", 'teenager', 'addictive']]"
Dance Clash: Ballet vs Hip Hop,"~~> Get ready for the biggest dance battle competition of the year and show the world which dancers rule! 
~~> Who will be the winners of the big show - ballerinas or hip hop dancers?!
~~> Dance like you’ve never danced before, and win first place in the spectacular dance off!

Choose whether you want to be team ballet or team hip hop, and get dancing! Ballet and hip hop have both got great things about them - ballerinas are graceful and elegant, and hip hop dancers are super cool. But only one crew can win the show and rule the dance floor - who will it be?!

Features:
> Choreograph your own dance moves and knock the judges’ socks off at the big dance off show!
> Dress up in the fabbest dance costumes ever!
> You even get to choose your own crew members. Choose wisely - you need a good team to win the dance off competition!
> You’ve got to shine like a star on that stage - get a makeover and a killer hairdo to look amazing!
> Climb the ranks and dance your way to the top!
> Keep your eyes on the prize - make that golden trophy yours!
> Decorate the stage for the big dance battle!
> Play a fun dance minigame and vote for the best dance team! Who will be the lucky winner?!
> Dancers have got to stay fit! Get in shape at the gym!
> Sometimes dancing comes with injuries. Go to the doctor to get better before the show!
> You better calm those pre-show jitters. Relax and pamper yourself at the spa!

ABOUT Coco Play
Coco Play is China-based developer of creative and unique apps for kids and the whole family. Founded in 2013, Coco Play provides rich 3D simulation-based games for the whole family. Coco Play is a subsidiary of TabTale, a leading, global creator of innovative games, interactive books and educational apps.
Visit us: http://www.tabtale.com/ 
Like us: http://www.facebook.com/TabTale
Follow us:@TabTale
Watch us: http://www.youtube.com/Tabtale

CONTACT US 
Let us know what you think! Questions? Suggestions? Technical Support? Contact us 24/7 at WeCare@TabTale.com

FOR PARENTS 
The app is free to play but certain in-game items may require payment. You may restrict in-app purchases by disabling them on this device. The app may include advertising for TabTale and certain third parties which will redirect users to our sites, apps or third-party sites.
Your privacy matters. The app may enable collection of limited user data by TabTale or its carefully selected providers (e.g. ad networks and analytics) for limited purposes described in our Privacy Policy (e.g. respond to support queries; enable, analyze and improve the app’s features and services; serve contextual ads and measure their performance). The app includes certain features only accessible behind an age-gate to protect children (e.g. restrict behavioral ads; social networks links to connect with others while playing; option to accept push notifications to inform of exciting news e.g. updates). For more information (notably on the providers), please read our Privacy Policy: https://tabtale.com/privacy-policy/. By downloading, updating or using the app you consent (in your personal capacity and for other users of your device) to this collection and use of limited device information for ad display and reporting purposes, and to our Terms of Use: https://tabtale.com/terms-of-use/.","[['serve', 'contextual'], ['read', 'please'], ['purchases'], ['information', 'ad'], ['reporting', 'display'], ['device', 'collection'], ['limited'], ['respond', 'support'], ['news', 'e'], ['e', 'g'], ['networks', 'social'], ['ad', 'networks'], ['analyze'], ['certain', 'includes'], ['app'], ['personal', 'capacity'], ['redirect', 'users'], ['books'], ['third-party', 'apps', 'sites'], ['creator'], ['whole', 'family'], [], [], [], ['better', 'get'], ['world', 'show'], ['ballet', 'team'], ['hip', 'ballerinas'], ['hip', 'hop'], ['stage'], ['killer'], ['choose', 'crew'], ['win'], ['battle', 'competition'], ['competition'], ['dance', 'rule'], ['dance', 'vote']]","[['services', 'ads', 'ads', 'measure', 'performance'], ['Privacy', 'providers', 'carefully', 'selected', 'providers'], ['restrict', 'device', 'disabling', 'in-app'], ['device', 'display'], ['ad', 'purposes', 'reporting', 'purposes', 'Terms'], ['use', 'users'], ['device', 'analytics', 'use', 'purposes'], ['g', 'queries'], ['exciting', 'g'], ['ad', 'providers', 'e', 'g', 'respond'], ['ads', 'links'], ['analytics', 'g'], ['app', 'enable', 'improve', 'queries'], ['app', 'features'], ['matters', 'The', 'using', 'consent', 'app', 'free', 'play'], ['consent', 'users'], ['sites', 'parties'], ['apps', 'educational', 'games', 'interactive'], ['unique', 'apps', 'kids'], ['leading', 'global', 'games', 'innovative'], ['kids', 'games', '3D', 'simulation-based', 'games'], ['show', 'big', 'pre-show', 'jitters', 'winners', 'calm'], ['trophy', 'golden', 'option', 'make', 'others', 'playing'], ['great', 'things', 'top', 'way', 'got', '>'], ['show', 'doctor'], ['dancers', 'year', 'dancers', 'super', 'cool'], ['want', 'ballet', 'team', 'hip'], ['hop', 'show'], ['dancers', 'team', 'hop', 'got', 'great'], ['makeover', 'dance', 'big', 'get'], ['makeover', 'hairdo', 'look', 'get'], ['members', 'get'], ['first', 'place', 'rule', 'show', 'crew', 'win', 'show'], ['dance', 'year'], ['dance', 'win', 'show', 'year'], ['show', 'floor', 'dancers', 'rule', '>'], ['best', 'minigame', 'fun', 'dance', 'minigame']]"
Cute Miniature Dachshund Dog,"Miniature Dachshund high school girl.
Do you want to impress your friends? Now you can enhance your chat with these stickers!

- Update regularly
- The cute sticker, so cool, make a difference for you
- BUY ONCE but FOREVER FUN
- Drag and Drop the stickers into your iMessages
- Layer stickers over each other in conversations in iMessages
- Scale and rotate the stickers by using  a second finger before you place it on the bubble","[['enhance', 'chat'], ['using', 'second'], ['conversations', 'stickers']]","[['Now', 'stickers'], ['stickers', 'finger'], ['iMessages', 'Layer', 'Scale', 'rotate', 'stickers']]"
Chapters: Interactive Stories,"Choose your story with Chapters, the interactive story game that lets you choose your path in every story. Read through chapters and chapters of fun interactive stories that fit your mood, from romance to suspense!

Choose your story from our top collection of romance, fantasy, sci-fi, young adult, comedy, and drama series! Chapters combines a unique style of choose your own story gameplay with fiction stories from our top authors that you simply can't put down!

YOU get to make the choices in each story. Decide on hard life choices such as falling in love, discovering secrets, or unravelling deep mysteries! Make your choices wisely; every ending is different!

Chapters Features:
- Choose your story! Dive in and start making choices that affect the overall outcome!
- Adventures start with you choosing your name and style to reflect your personality.
- All stories come with info directly from the author!

Our exclusive collection of choose YOUR story games include:

New York and USA Today Bestselling Author Presents: TWICE THE GROWL
- Who needs a date when you can find a soulmate? Why settle for one when you can have two?
- Unlucky in love, you shift from the ordinary to the paranormal. Are you ready to complete a wildly carnal werewolf triad? Will you give the rival and your dog of an ex something to howl about? 
- “Twice the Growl” — double the fun!

New York Time Bestseller List- CALENDAR GIRL 
- When your loan shark ex-boyfriend threatens your family because your dad owes him $1,000,000, it’s up to you to save your loved ones.
- To pay off the debt, you accept your aunt’s offer to spend a year working as a high-end escort — one VIP client a month.
- Being a Calendar Girl isn’t strictly pleasure — it’s also part business. What it isn’t supposed to be is personal. Will you be able to protect your family and your heart?

USA Today Bestseller FANTASY - COURT OF NIGHTFALL 
- In a world of heroic knights, supernatural warfare, and secret organizations, only you can stand for justice and fight for the freedom of those you love.
- But when the mysteries bubble to the surface and change your life forever, it will be time to make a choice: will you stand with the Knights of the Order, or the Zenith Rebellion seeking to tear down their regime?

DRAMA SUSPENSE LGBT - KIDNAPPING THE PRINCESS
- Choose your life as a supermodel by day and a kidnapper extraordinaire by night.
- Make the choice to play as the hero or villain who kidnaps the only heir to a whole country.

SUPERNATURAL THRILLER - THE SILENT TWIN
- When nine-year-old Abigail Duncan goes missing from her family’s farm, it’s up to you to find her before it’s too late.

YA FANTASY - MERMAIDS AND THE VAMPIRES WHO LOVE THEM
- To keep you out of trouble, your parents banish you to a boarding school for supernaturals—including vampires, for whom mermaid blood is basically crack!
- Can you and your merry band of classmates—a werewolf, a fairy godmother, a fairy princess, and a fire-breathing...something—save the day?

UNFORGETTABLE ROMANCE - THE BOY I HATE
- To get to your BFF's wedding, you'll have to drive from sunny California all the way to New York City... with her totally off-limits and drop-dead gorgeous older brother!
- Tristan is the guy every girl wants and every man wants to be... Can you resist his charms long enough to reach your destination?

And more interactive story games with fun choices!

Chapters: Interactive Stories will bring a unique and fun twist to choose your own story adventures. Whether you're an avid reader of drama, comedy, fantasy, sci-fi, young adult, romance, or even a gamer, you’ll love making choices in this interactive story game!

Download Chapters today to discover the unforgettable stories where YOU get to make the crucial choices.

Please note that Chapters: Interactive Stories is an online game that requires an internet connection to play.

Follow us on: facebook.com/ChaptersInteractiveStories","[['dog'], ['fairy', 'godmother'], ['boarding', 'school'], ['vampires'], ['drama', 'comedy'], ['justice', 'stand'], ['warfare'], ['play', 'hero'], ['mood', 'fit'], ['life', 'change'], ['extraordinaire', 'kidnapper'], ['day'], ['affect', 'overall'], ['fun', 'interactive'], ['story', 'choices'], ['choices'], ['gameplay', 'fiction'], ['top'], ['love'], ['unravelling', 'deep'], ['mysteries'], ['unique'], ['style'], ['requires', 'internet'], ['story', 'choose'], [], [], [], [], [], ['date', 'find'], ['shark', 'ex-boyfriend']]","[['ex', 'rival', 'something', 'give'], ['princess', 'werewolf', 'fairy', 'godmother'], ['supernaturals', 'banish'], ['including', 'mermaid', 'supernaturals', 'blood'], ['series', 'reader', 'adult', 'comedy', 'drama'], ['organizations', 'fight', 'justice', 'fight', 'freedom'], ['organizations', 'secret', 'supernatural', 'knights', 'world', 'heroic', 'knights'], ['villain', 'choice', 'hero', 'villain', 'kidnaps'], ['romance', 'stories', 'mood', 'romance', 'suspense'], ['forever', 'surface', 'life', 'forever', 'time'], ['day', 'night'], ['life', 'save', 'something', 'supermodel'], ['outcome', 'choices'], ['stories', 'chapters'], ['make', 'interactive', 'interactive', 'story', 'games'], ['start', 'make', 'crucial', 'making'], ['story', 'stories'], ['story', 'stories', 'collection', 'authors'], ['secrets', 'discovering', 'falling', 'choices'], ['secrets', 'mysteries'], ['Make', 'bubble', 'surface', 'choices'], ['fun', 'bring', 'combines', 'style'], ['reflect', 'name', 'choosing', 'personality'], ['connection', 'game'], ['twist', 'style', 'game', 'lets', 'choose'], ['wants', 'working', 'high-end', 'every', 'escort', 'man'], ['working', 'high-end', 'keep', 'parents', 'year', 'trouble'], ['loved', 'drop-dead', 'off-limits', 'ones', 'save', 'totally'], ['offer', 'shift', 'paranormal', 'year', 'ordinary', 'spend'], ['band', 'facebook', 'Can', 'merry', 'com', 'ChaptersInteractiveStories'], ['needs', 'soulmate'], ['threatens', 'loan']]"
High School Makeover,"It's time for a school fashion makeover! Look your best at the salon. Choose from different characters and fun school themes. Each theme comes with different styles and music!

***Featuring***
- Mix & Match Style
- Creative Artist
- Sports Athlete
- Bookworm
- Cheerleader Makeover
- And Musician!

*Please note that High School Makeover is free to play, but you are able to purchase game items and remove ads with real money. If you don’t want to use this feature, please disable in-app purchases.* 

Ninjafish Studios is very concerned about our users' privacy. To understand our policies and obligations, please read our Terms Of Service and Privacy Policy carefully. 

Terms Of Service: http://www.ninjafish.com/tos 
Privacy Policy: http://www.ninjafish.com/privacy","[[], ['different', 'comes'], ['school', 'time'], ['fun', 'school'], ['items'], ['use', 'feature'], ['read', 'please']]","[['salon', 'Look', 'use', ""n't"", 'want', 'best'], ['styles', 'theme'], ['fashion', ""'s""], ['themes', 'characters'], ['purchase', 'game', 'ads', 'remove', 'ads', 'real', 'money'], ['please', 'want'], ['obligations', 'Terms', 'understand', 'policies', 'obligations']]"
High School Fashion Diary - Makeup & Dressup Salon,"You’re starting at a new high school this year as a transfer.  Grab hold of this once in a lifetime chance.  Dress up in the hottest teen fashions to start off your new life.

You’re a little excited and nervous all at the same time when it comes to starting at your new high school.  You know that in order to put your best foot forward to make a great first impression on your classmates and teachers that you need to look amazing.  It’s going to boost your confidence a thousand-fold if you dress up in the best teen fashion available.

How to Play:
• Your first day of school at a new high school is coming up quickly
• Your nerves are starting to get the best of you, but you know some retail therapy will help
• A relaxing spa day is coming your way to help you rest before the upcoming challenge
• After some fabulous facials, you can then apply some makeup using the latest fashion trends
• Dress up in as many fashion styles as necessary to find that perfect first-day outfit
• Rock your style as the mysterious new girl!

Starting at a new high school can be scary for any teen girl, but take a step back and focus on yourself.  You’ll be able to relax at the spa and get your fashion game in order.  Everyone will want to invite you to their parties before too long!  Download now to get started on your fashion forward look.

We want to hear your voice!
Watch our awesome videos on our YouTube channel! https://www.youtube.com/channel/UCm1oJ9iScm-rzDPEhuqdkfg
Like us on Facebook: https://www.facebook.com/pages/Salon-My-Styling-Lounge/650573658373878
Follow us on Twitter: https://twitter.com/SalonTM
Know more about Salon™ on official website: http://www.salongirlgames.com/","[['put', 'best'], [], [], [], ['start', 'new'], [], ['rest', 'upcoming'], ['way', 'coming'], ['using', 'latest'], ['spa'], ['game', 'fashion']]","[['foot', 'order'], ['impression', 'school', 'classmates', 'transfer', 'teachers', 'year'], ['confidence', 'invite', 'thousand-fold', 'want', 'parties', 'dress'], ['hold', 'chance', 'hear', 'want', 'lifetime', 'voice'], ['life', 'fashions', 'know', 'retail', 'therapy'], ['get', 'starting', 'new', 'nerves', 'girl', 'Starting', 'girl', 'take', 'step'], ['challenge', 'help'], ['help', 'day'], ['fashion', 'makeup', 'facials', 'apply', 'makeup'], ['fashion', 'day', 'relaxing', 'get'], ['order', 'get', 'latest', 'fashion', 'trends']]"
Chaminade High School,"Instantly see what's on the lunch menu today, what events are coming up, and the latest news. Learn more about Chaminade in the Explore section featuring a virtual tour. 

Chaminade High School's app features:
• Events
• Automatic bell times schedule & widget
• Lunch Menu
• News (Tarmac & General News)
• Academics & Courses Listings
• Campus & Interactive Virtual Tour
• Activities 
• Athletics
• Religious Expression
• About Chaminade
• Live Departures for Mineola LIRR","[['featuring', 'virtual'], ['events']]","[['tour', 'section', 'lunch', 'menu', 'today'], ['menu', 'latest', 'today', 'coming', 'coming', 'latest', 'news']]"
