Boston stickers by DC Denison,"Boston

This sticker pack is delivered to you by DC Denison and MojiLaLa.

Boston stickers are designed by DC Denison and powered by MojiLaLa.

Package description from DC Denison:

Revolutionary Boston

================================================================
MojiLaLa is an artsy sticker marketplace for every messaging conversation made from designers from all over the world. MojiLaLa gives you access to some of the most high-quality, unique and creative emojis developed to enhance your messaging and allow you to freely express yourself through every kind of expression and emotion. New original designs from your favorite artists are always being added, as well as local and trending topics in your community.","[[], ['topics', 'trending'], ['designers', 'made'], []]","[['emotion', 'marketplace', 'sticker', 'kind', 'artsy', 'expression'], ['local', 'community', 'designs', 'favorite', 'artists'], ['conversation', 'world'], ['high-quality', 'developed', 'access', 'enhance', 'emojis', 'gives']]"
THE F.I.T.T. PIT,"Download the THE F.I.T.T. PIT App today to plan and schedule your classes! From this mobile App you can view class schedules, sign-up for classes, view ongoing promotions, as well as view the studioâ€™s location and contact information. You can also click through to our social pages! Optimize your time and maximize the convenience of signing up for classes from your device! Download this App today!","[['pages'], ['convenience', 'signing'], ['sign-up', 'schedules']]","[['Optimize', 'social', 'click', 'time'], ['classes', 'maximize', 'time', 'maximize', 'convenience'], ['classes', 'class', 'plan', 'schedule', 'classes']]"
