Jetpack Joyride,"Bullet-powered jetpacks! Giant mechanical dragons! Birds that poop money! Suit up with a selection of the coolest jetpacks ever made and test your skills as legendary action hero Barry Steakfries. Over 500 million players can’t be wrong. Download FREE and start your adventure today!

FEATURES:

* Fly the coolest jetpacks in gaming history
* Dodge lasers, zappers, and guided missiles
* Storm the lab in crazy vehicles and giant mechs
* Earn achievements and battle it out against friends
* Customise your look with ridiculous outfits
* Equip high-tech gadgets and vehicle upgrades
* Complete daring missions to boost your rank
* Test your reflexes with simple one-touch controls

***

This game contains optional in-app purchases. You can disable this feature in the settings menu of your device.
View our privacy policy at http://halfbrick.com/pp
View our terms of service at http://halfbrick.com/tos","[['test', 'made'], [], [], [], ['vehicles'], ['Birds'], ['jetpacks']]","[['skills', 'ever', 'skills', 'legendary', 'action'], ['missiles', 'simple', 'guided', 'controls', 'one-touch', 'zappers'], ['achievements', 'settings', 'menu', 'battle', 'device', 'friends'], ['look', 'outfits', 'start', 'ridiculous', 'adventure', 'today'], ['crazy', 'mechs', 'giant', 'lab', 'game', 'contains', 'optional'], ['money', 'poop', 'dragons', 'mechanical'], ['gaming', 'selection', 'coolest', 'history']]"
High School Story,"Live high school your way! 

5/5 ""Out of all the iPhone games I've played, High School Story is easily the one with the most heart."" - K. Alpert

5/5 ""I'm way past my high school years... but this game is hands down one of the best games I have ever played."" - Kaytumbear99

Meet All-Star classmates in all-new exclusive stories! Add them to the school of your dreams, filled with all your friends. Throw parties, go on dates, and recruit jocks, nerds, cheerleaders, and MANY MORE classmates to unlock their stories! Go on wild trips, take your team to the next level, and discover hundreds of other adventures!

- ADD SPECIAL CHARACTERS to your school, and unlock exclusive stories!
- THROW PARTIES to unlock over 30 characters!
- DATE your crush and play matchmaker for everyone at your school!
- BATTLE a rival high school in an evolving story, including a showdown at the Homecoming game, a science fair, a prank war, and more!
- PUT YOUR FRIENDS in the game and join them on adventures, dates, and parties!
- MAKE NEW FRIENDS and play their stories!
- BUILD your dream school and decorate it with everything from a half-pipe to a box of puppies!
- CUSTOMIZE your look and choose your clique!
- LEARN new vocabulary in fun mini-games!
- ENJOY tons of new content every week, including more characters, more stories, and more romance!

Please note that High School Story is completely free to play, but you can purchase some game items with real money. If you don’t want to use this feature, you can disable in-app purchases in your device’s settings.

-----------------------------------------------
To our players:  Thank you for your passion.  Pixelberry is a firm believer that games can make a difference.  And you’ve proven they can.  

When we partnered with non-profits, like The Cybersmile Foundation, a cyberbullying non-profit, and the National Eating Disorders Association (NEDA) you responded with great enthusiasm.  Together, we’ve done some amazing things. 
* Over 4 million players have learned more about cyberbullying.
* Over 30,000 players have visited NEDA's sites to learn more about eating disorders.
* And thousands of players have reached out to Cybersmile, often for help with bullying.

Thank you!  We really, sincerely appreciate your enthusiasm and support.

- The Pixelberry Team

-----------------------------------------------
Your use of this application is governed by the Terms of Service available at: http://highschoolstory.com/terms-of-service/
Collection and use of your data are subject to the Privacy Policy available at:
http://highschoolstory.com/privacy-policy/

Get the game now to join in the fun!

Chat with us: facebook.com/HSSgame
Follow us: twitter.com/HSSGame","[[], ['box', 'half-pipe'], ['games'], ['jocks'], ['unlock', 'stories'], ['stories', 'characters'], ['team'], ['fun'], ['story'], ['purchase', 'game'], ['school', 'decorate'], ['school', 'years'], ['play', 'matchmaker'], [], [], []]","[['use', 'Terms', 'feature', 'governed', 'application', 'want'], ['everything', 'puppies', 'responded', 'great', 'enthusiasm'], ['make', 'difference', 'best', 'one', 'firm', 'believer', 'games'], ['dates', 'cheerleaders', 'nerds', 'recruit'], ['exclusive', 'classmates'], ['romance', 'including', 'week', 'including', 'characters'], ['next', 'trips', 'take', 'level', 'level', 'discover', 'hundreds'], ['game', 'join', 'mini-games', 'vocabulary'], ['evolving', 'showdown', 'including', 'school'], ['items', 'play', 'items', 'real', 'money'], ['everything', 'dream'], ['high', 'game'], ['crush', 'everyone', 'matchmaker', 'everyone', 'school'], ['help', 'bullying', 'filled', 'friends', 'dreams', 'often'], ['use', 'look', ""n't"", 'choose', 'want', 'clique'], ['things', 'amazing', 'content', 'tons', 'done', 'new']]"
Stack Jump,"How high can you climb?

Jump to stack blocks and build the biggest tower imaginable!

Improve your highscore in endless mode, complete the 36 challenges and unlock all 20 characters!",[],[]
Flappy Dunk,"Tap to jump into as many hoops as possible. 
Collect skins and achieve crazy challenges.",[],[]
Highway Rider,"Highway Rider is a free and exciting motorcycle racer that lets you dodge traffic with blazing fast speed and zoom down a busy highway, passing by cars and semis, and building up your points to become the best there is!

Escape the flashing blue lights of the police by speeding through traffic barriers and narrowly avoiding collisions. Collect tons of unlockable racers, share photos and videos of your collisions with other racers, and customize your bike in this high speed motorcycle action game. 

FEATURES:

Extreme Racing
> Dart and dodge traffic while trying to get the high score with close calls between cars and trucks!
> Use boosts to go faster and increase your scores on 4 different highways.
> Customize Your Bike
> Customize your motorcycle and give your racers their own unique style!
> Unlock all 10 characters with their own motorcycles and outfits!

Real-time Multiplayer Races
> Battle other racers in head-to-head racing games and other multiplayer games.
> Share your spectacular crashes and wipeouts with all of your friends!
> Complete online racing challenges and unlock achievements!

Fugitive Mode
> Outrun the cops and break through police barricades in this furious game of cat and mouse!

Speed junkies, slap on your motorcycle helmets and experience some high-octane racing! Zoom down the open roads and try not to crash! Highway Rider is the ultimate racing game for any motorcycle fan!

Comment below your feature requests and favorite features! We will continue to update the app with more content and features.
Follow us at @batteryacidapps or the creator at @derekarndt","[['semis', 'building'], ['cars', 'calls'], ['highway'], ['requests', 'favorite'], ['app'], ['blue', 'lights'], ['Escape'], ['traffic', 'speeding'], ['barricades'], ['collisions', 'videos'], ['racers'], ['experience', 'high-octane'], ['exciting', 'motorcycle'], ['motorcycle', 'slap'], ['action', 'motorcycle'], ['game', 'motorcycle'], ['games'], ['challenges'], [], [], ['go', 'faster']]","[['cars', 'points'], ['close', 'trucks'], ['cars', 'passing', 'busy', 'zoom'], ['features', 'feature'], ['content', 'continue', 'features', 'update'], ['flashing', 'police'], ['blue', 'become', 'flashing', 'best'], ['barriers', 'police'], ['break', 'furious', 'game', 'police'], ['racers', 'photos'], ['photos', 'share', 'motorcycle', 'give'], ['helmets', 'racing'], ['racer', 'free'], ['junkies', 'helmets'], ['game', 'speed'], ['racing', 'fan'], ['multiplayer', 'racing', 'head-to-head'], ['achievements', 'unlock', 'racing', 'online'], ['crash', 'crashes', 'wipeouts', 'try', 'roads', 'friends'], ['high', 'different', 'get', 'highways', 'score', '4'], ['increase', 'boosts', 'points', 'become', 'best']]"
Seven - 7 Minute Workout,"App Store’s Best of 2017. Join the movement of 20 million and see results with just 7 minutes a day.

Getting fit has never been this easy – or this much fun. Seven’s workouts are based on scientific studies to provide the maximum benefit in the shortest time possible. With personalized workout plans Seven also makes sure you get the most out of your training. Want to Get Fit, Lose Weight or Get Strong? Just set your goal and fitness level, and let Seven take care of the rest.

WHY SEVEN?
• Work out anywhere, anytime, no equipment needed
• Create a habit of working out with our everyday workout challenge
• Compete with friends for extra encouragement and support
• Earn achievements from novice to athlete as you vary your routine
• Create your own workouts tailored to your needs and preferences
• Keep it fun with instructors like the Drill Sergeant, Cheerleader and many more

JOIN THE 7 CLUB
• Get faster results with personal workout plans adapted to your fitness level
• Access all workouts and over 200 exercises for more varied training
• Receive exclusive support and guidance from our certified personal trainer

If you choose to join the 7 Club, your purchase will be charged to your iTunes account. 1 month costs $9.99 and 1 year costs $79.99. Active subscriptions will be auto-renewed 24 hours before the expiry date. You can manage subscriptions from Account in iTunes after subscribing, you’ll also be able to cancel the auto-renewing subscription from there at any time.

Terms: http://perigee.se/tou/

Optional permission requests:
• Health app, to record burned calories and sync workouts
• Notifications, to remind you to work out
• Contacts, to find other Seven users
• Photos and Camera, to change your profile picture","[['based', 'scientific'], ['tailored', 'needs'], ['calories'], ['Optional', 'permission'], ['provide', 'maximum'], ['time'], [], [], [], [], ['adapted', 'fitness'], ['goal', 'fitness'], ['personal', 'certified'], ['workout', 'plans']]","[['workouts', 'studies'], ['workouts', 'preferences'], ['record', 'burned', 'workouts', 'sync'], ['requests', 'Terms'], ['benefit', 'studies'], ['benefit', 'Terms', 'shortest', 'subscription'], ['subscriptions', 'able', '99', 'also', 'Active', 'cancel'], ['rest', 'expiry', 'hours', 'take', 'date', 'care'], ['purchase', 'working', 'habit', 'iTunes', 'everyday', 'charged'], ['profile', 'picture', 'extra', 'encouragement', 'friends', 'change'], ['plans', 'level'], ['set', 'level'], ['trainer', 'guidance'], ['personal', 'personalized', 'results', 'personal', 'workout']]"
GSN Casino: Slot Machine Games,"#1 Social Casino Versions of America’s Best TV Game Shows!

Enjoy two addicting Wheel of Fortune's casino slots: Spin the reels in the electrifying spirit of the casinos of Las Vegas with Vegas edition! Play fun and authentic classic fruit machines with Classics Edition! Try our dazzling slots version of Deal or No Deal and battle the Banker!

Key Features:
• Score FREE 12,500 bonus Tokens when you register to play. 
• Multiple ways to collect tokens EVERY DAY!
• New amazing games every month
• Take part in high stakes tournaments
• Endless ways to win huge Jackpots!

Take our FREE casino slot machines for a spin!

If you love to play slots for fun, you’ve come to the right place! Experience the thrill of our original online slot machines! Enjoy breathtaking slot games such as: American Buffalo Slots, ""Classic 777 Slots"", Riches of Egypt, Luck o’ the Emeralds and many more!

Even more thrilling games to play
Test your luck with Video Bingo - Rack up PRIZE BALLS, activate the Rocket Boost, and go for Triple Bingo! Play fun video card games such as: Outlaw Video Poker (Score up to 250x your bet!), Deuces Wild, Classic Video Poker and more! – with GSN Casino the 777 casino fun never ends!

Like us on Facebook: https://www.facebook.com/GSNCasinoMobile

Questions? Suggestions?
https://gamesbygsn.zendesk.com/hc/en-us/requests/new?ticket_form_id=51794

• The games are intended for an adult audience.
• The games do not offer ""real money gambling"" or an opportunity to win real money or prizes.
• Past success at social casino gaming does not imply future success at ""real money gambling”.","[[], ['high', 'stakes'], ['electrifying', 'spirit'], ['slots'], ['success'], ['real', 'win'], ['real', 'offer'], ['video', 'card'], ['intended', 'adult'], ['slot', 'machines']]","[['right', 'ways', 'tokens', 'collect', 'place', 'come'], ['part', 'tournaments'], ['casinos', 'reels'], ['play', 'version', 'love', 'dazzling'], ['real', 'money', 'casino', 'social'], ['money', 'opportunity', 'ways', 'win', 'huge'], ['money', 'games', 'real', 'money', 'prizes'], ['fun', 'games'], ['audience', 'games', 'Even', 'thrilling', 'games'], ['casino', 'online', 'breathtaking', 'slot', 'games']]"
Slow Motion Cam Video Editor,"SlomoLapse was created to adjust the speed of your videos. You can apply both slomo & timelapse on a single video. How cool is it that you can slow down part of a video and make the rest quicker?

Some technical stuff :
- 240 frames per second on iphone 6 & 6+
- 120 FPS on iphone 5 & 5S
- 60 FPS on iPhone 4 & 4S!

Subscription options:
◦ SlowMotion 1 Week subscription -  $9.99 weekly 
◦ SlowMotion 1 Year subscription -  $99.99 yearly
◦ SlowMotion 1 Month subscription -  $49.99 monthly  

SlowMotion adds the great features above and are available through an auto-renewing subscription. Subscriptions will be charged to your credit card through your iTunes account. Your subscription will automatically renew unless cancelled at least 24-hours before the end of the current period. Account will be charged for renewal within 24-hours prior to the end of the current period. You will not be able to cancel a subscription during the active period. Manage your subscriptions in your account.

SlowMotion's Privacy Policy is available at https://freephotovideoseditor.wordpress.com and Terms of Use https://freephotovideoseditor.wordpress.com

Have fun!","[[], ['credit', 'card'], ['period'], ['make', 'rest'], ['timelapse'], []]","[['great', 'adds', 'features', 'videos', 'adjust', 'speed'], ['iTunes', 'charged'], ['current', 'active', 'end', 'subscription'], ['quicker', 'video'], ['apply', 'single', 'video', 'slomo'], ['technical', 'Some', '99', 'stuff', 'SlowMotion', 'weekly']]"
Monster High™ Beauty Shop,"Oh, My, Ghoul!!! 
Clawdeen Wolf™, the trendiest monsterista from “Monster High” just opened her very own beauty salon - and she needs YOUR spooktacular touch! 
Help Clawdeen give her ghoulfriends killer looks!
Clawesome hairdo? Creeperific nails? How about a new fangtastic outfit? You can get ’em all in the ghoulest one-stop shop!

Oh wait, that’s not all: You can get freaky-fab looks by using our gore-geous selfie filters. You can even create your own filters, so get creative! 

Are you ready for some spooky fun, ghoulfriends?!

Fangtastic Features:
> Use spooky-cool hair salon tools like magic growing spray, hair dyes, mousse and so much more! You can even use Znap to electrify hair! 
> Our selfie filter pack gives you monstrous looks, lets you dance like a Zomboy, AND you can create your own fangtastic filters too - how clawesome is that?!
> Add your freaky fab photos to Spookygram to show off your killer looks.
> Give the boo-tiful monsters the makeover of their nightmares, using the best makeup tools you’ve ever laid your eyeballs on! Add lightning stickers and spider face jewels for an extra creepy cool touch.
> Dress up time! Mummy leggings or dresses fit for a rock star monster? The choices are endless! And wait till you see the crazy shoe collection!
> No monster look is complete without killer nails! Choose claw-like nail shapes, add purrfect rings, and give the monsters spooktacular manicures. 
> Accessorize your spooky clients with clawesome jewelry like crazy-shaped earrings or spiky collar necklaces.
> Give makeovers to all of the ghoulest monsters: Frankie Stein™, Draculaura™, Clawdeen Wolf™, Cleo de Nile™,  Lagoona Blue™, Ari Hauntington™, Silvi Timberwolf™ and Twyla™.

ABOUT US
Crazy Labs is a casual games brand, under which TabTale develops and publishes fun and addictive games. Crazy Labs partners with independent development studios across the globe to create engaging mobile content for audiences of all ages. 
Like us: https://www.facebook.com/crazylabsgames
Watch us: http://www.youtube.com/Tabtale
Visit us: http://tabtale.com/
Follow us:@CrazyLabsGames

CONTACT US 
Let us know what you think! Questions? Suggestions? Technical Support? Contact us 24/7 at Talk2Us@Crazy-Labs.com

PRIVACY:
The app is free to play but certain in-game items may require payment. The app includes:
- advertising for TabTale and some third parties that redirect users to our sites, apps or third-party sites
- social networks links to connect with others while playing
- the option to accept push notifications to inform of exciting news (e.g. updates) 
- an age-gate to prevent access to some features to protect children (e.g. restrict behavioral advertising or information sharing).
Your privacy matters. The app may enable data collection for limited purposes (e.g. respond to support queries; enable, analyze and improve the app’s features and services; personalize content including targeted ads and analyse those ads). For more information refer to our Privacy Policy: https://tabtale.com/privacy-policy/. Note that referred third parties are subject to their own policies. By downloading, updating or using the app you consent to this collection and use of device information and your data for ad display and reporting purposes, and to our Terms of Use: https://tabtale.com/terms-of-use/.

MONSTER HIGH and associated trademarks and trade dress are owned by, and used under license from, Mattel. ©2017 Mattel. All rights reserved.","[['see', 'crazy'], ['development', 'independent'], ['ads'], ['spider', 'face'], ['links'], ['spiky', 'collar'], ['trademarks', 'trade'], ['used', 'owned'], ['parties'], ['third-party', 'apps', 'sites'], ['redirect', 'users'], ['dresses', 'fit'], ['monster'], ['add', 'purrfect'], ['makeovers'], ['monsters'], ['ghoulfriends'], ['features'], ['news', 'e'], ['e', 'g'], ['reporting', 'purposes'], ['ad', 'display'], ['device', 'information'], ['enable'], ['app'], ['consent'], ['engaging', 'mobile'], ['content', 'audiences'], ['selfie', 'gore-geous'], ['clawesome'], ['create', 'filters'], ['looks'], ['salon'], ['makeup', 'best'], []]","[['till', 'shoe'], ['partners', 'studios'], ['targeted', 'including', 'analyse'], ['stickers', 'jewels'], ['social', 'networks', 'connect', 'others'], ['earrings', 'necklaces', 'necklaces', '>', 'Give'], ['dress', 'associated'], ['dress', 'license'], ['referred', 'third', 'policies', 'subject'], [], ['sites', 'parties'], ['leggings', 'rock'], ['>', 'rock', 'star', 'No', 'monster', 'look', 'complete'], ['shapes', 'rings', 'claw-like', 'nail', 'shapes'], ['ghoulest', '>', 'monsters', 'Give'], ['spooktacular', 'manicures', 'rings', 'give'], ['fun', 'Fangtastic', 'Features', 'spooky'], ['access', 'prevent', 'protect', 'children'], ['exciting', 'g'], ['respond', 'purposes', 'children', 'e', 'g'], ['Terms', 'display'], ['reporting', 'data', 'information', 'data', 'ad'], ['use', 'data', 'collection', 'use', 'device'], ['analyze', 'data', 'collection', 'queries', 'respond', 'support', 'queries'], ['matters', 'The', 'analyze', 'improve', 'app', 'free', 'play'], ['using', 'use', 'app', 'collection', 'collection', 'limited', 'purposes'], ['content', 'create'], ['mobile', 'ages'], ['using', 'filters', 'selfie', 'filter', 'pack'], ['clients', 'jewelry', 'filters', '>'], ['even', 'fangtastic', 'filters', 'get', 'creative'], ['using', 'gore-geous', 'freaky-fab', 'get', 'gives', 'monstrous', 'looks'], ['hair', 'tools', 'opened', 'beauty'], ['using', 'tools', 'nightmares', 'using', 'best'], ['freaky', 'photos', 'laid', 'fab', 'ever', 'eyeballs']]"
Racing Rivals,"OUR BIGGEST RELEASE YET
Strap in for the most insane update in Rivals history! Get your once in a lifetime legacy rewards by updating to 7.0!

MILLISECONDS MATTER
Jump behind the wheel of the world’s hottest sports cars and prove yourself in high stakes racing. In Rivals you challenge or get challenged by live opponents around the world.  This is true real-time racing at your fingertips!
Customize your car with thousands of combinations of performance parts — everything from air filters to wheels. Add a supercharger or turbo and then juice it with NOS to blow by your opponents.  Make it your own with matte and satin paints, custom rims from the hottest players like Volk Racing or Pacer and tires from Nitto that are more than just for show!

RISK YOUR RIDE TO WIN IT ALL
Rivals is most realistic game on the market where you can actually take other people’s cars in pink slips races. Back your bets with skill unless you're prepared to lose cash - or your car! The stakes are high and the risk is real. Can you handle it?

OWN THE HOTTEST CARS
There’s nothing like Porsche performance combined with Rivals tuning. Up the stakes with exclusive Porsche events featuring the classic 1992 Carrera, the advanced 2017 Carrera GTS and the monster 911 GT3 RS!
Build up your garage from a huge collection of licensed cars including Porsche, McLaren, Subaru, Dodge, Ford, Chevrolet, BMW, Honda and Ferrari. If stock cars aren’t exciting enough kit them out with Rocket Bunny, RWB, Liberty Walk, Bisimoto, Vorsteiner and more. What to do with all those pesky rewards from playing? Collections is your answer. Choose your collection and slot your items to claim your reward. Some might take months or require extremely rare items to complete. If you’re up to the task you’ll earn some of the most exclusive content Racing Rivals has to offer.

LIVE THE RIVALS LIFE
Assemble your crew of friends and prepare to dominate the Turf! Race in weekly competitions to control cities, earn gems and bonuses for your team! Win exclusive prizes including cars no one else can buy, wrapped in liveries no one else has seen.  Chat with your friends around the world to share tuning tips and strategies to take down other crews!
Build your team wisely - teams that stay together win together. Teams with a revolving door don’t have a chance!

TUNE YOUR WAY TO THE TOP
Introducing Tuner Challenge, where the points are real and street cred matters.  Face increasingly talented tuners in this new seasonal PVP event.  Grab rewards as you dominate each bracket.  Defend your top tier leaderboard position to earn bonus end of season rewards!

WORLD TOUR
Compete around the world in live events every day to earn cool prizes like cars, paints and lights. There’s something for everyone, every day. Don’t miss out!

Find us on Facebook: http://bit.ly/RacingRivalsFans
Follow us on Twitch: http://bit.ly/CarbonatedLive

.........

PLEASE NOTE: 
- This game is free to play, but you can choose to pay real money for some extra items, which will charge your iTunes account. You can disable in-app purchasing by adjusting your device settings. 
- Please buy carefully. 
- Advertising appears in this game. 
- This game permits users to interact with one another (eg. chat rooms, player to player chat, messaging). Linking to social networking sites are not intended for persons under age 13. 
- A network connection is required to play.
- For information about how Glu collects and uses your data, please read our privacy policy at: www.Glu.com/privacy
- If you have a problem with this game, please contact us at: www.Glu.com/support

FOLLOW US at: 
Twitter @glumobile
facebook.com/glumobile","[['everything', 'air'], ['device', 'adjusting'], ['rewards'], ['player', 'rooms'], ['tips', 'tuning'], ['persons', 'intended'], ['networking', 'social'], ['matte', 'satin'], ['live'], ['real'], ['read', 'privacy'], ['play'], ['please'], ['game'], ['earn', 'cool'], ['bonus', 'earn'], ['gems', 'earn'], ['collection'], ['items'], ['high', 'prove'], ['pink', 'slips'], ['hottest'], [], ['combinations', 'performance'], [], [], []]","[['parts', 'filters', 'facebook', 'com', 'glumobile'], ['purchasing', 'settings'], ['season', 'dominate', 'end', 'bracket'], ['chat', 'eg', 'chat', 'rooms'], ['strategies', 'share', 'strategies', 'take', 'crews'], ['age', 'sites'], ['sites', 'Linking'], ['paints', 'Make', 'opponents', 'Make', 'matte'], ['world', 'opponents', 'events', 'challenged', 'events', 'featuring', 'classic'], ['money', 'points', 'street', 'pay', 'street', 'cred', 'matters'], ['policy', 'please', 'privacy', 'policy', 'www'], ['pay', 'game', 'choose', 'free', 'connection', 'required', 'play'], ['data', 'game', 'uses', 'problem'], ['Advertising', 'appears', 'users', 'permits'], ['prizes', 'day', 'prizes', 'including', 'cars'], ['position', 'end'], ['bonuses', 'cities'], ['slot', 'cars', 'licensed', 'items', 'garage', 'huge', 'collection'], ['iTunes', 'money', 'charge', 'extra'], ['cars', 'stakes', 'stakes', 'high', 'risk'], ['cars', 'races'], ['players', 'cars', 'sports', 'rims'], ['racing', 'real-time', 'content', 'Rivals', 'fingertips', 'Racing'], ['parts', 'thousands', 'performance', 'parts', 'everything'], ['tuners', 'talented', 'increasingly', 'kit', 'enough', 'exciting'], ['turbo', 'buy', 'supercharger', 'liveries', 'juice', 'wrapped'], ['everyone', ""'s"", 'people', 'actually', 'take', 'something']]"
High School Crush,"~~> Fall in love with your high school crush! Flirt, date, & dress to impress in the most stylish outfits!
~~> Be the Prom Queen & dance with your date! Mix & match moves to create your own real-life dance routines - the combinations are endless! 
~~> Earn popularity points & become the most popular girl in high school! You go girl! 

There’s a new guy at school & rumor has it he thinks you’re really cute! Flirt with him in the cafeteria & make him blush! What, did he just ask you to prom?! Glam up at the spa, add a touch of makeup and BAM - you look HOT! Dance the night away & have a ball - you only go to high school once, after all!

Features:
> Dress up for the first day of school! Choose from tons of stylish clothing at the mall!
> Flirt with really cute boys in the cafeteria! Does your crush like you back?! 
> Choreograph dances at Prom! Choose from tons of real-life dance moves!
> Collect hearts & earn popularity points! Become the most popular girl in school!
> Makeover time - choose from tons of makeup items, style your hair & more! 
> Pamper yourself at the spa - get a cleaning facial so you feel fresh! 
> Get your nails done at the Nail Salon - file, paint & design nail art! 
> Strike a pose! Pose for your glam shot before Prom! 
> Be the star of the school newspaper! Everyone is talking about YOU! 

ABOUT Coco Play
Coco Play is China-based developer of creative and unique apps for kids and the whole family. Founded in 2013, Coco Play provides rich 3D simulation-based games for the whole family. Coco Play is a subsidiary of TabTale, a leading, global creator of innovative games, interactive books and educational apps.
Visit us: http://www.tabtale.com/ 
Like us: http://www.facebook.com/TabTale
Follow us:@TabTale
Watch us: http://www.youtube.com/Tabtale

CONTACT US 
Let us know what you think! Questions? Suggestions? Technical Support? Contact us 24/7 at WeCare@TabTale.com

FOR PARENTS 
The app is free to play but certain in-game items may require payment. You may restrict in-app purchases by disabling them on this device. The app may include advertising for TabTale and certain third parties which will redirect users to our sites, apps or third-party sites.
Your privacy matters. The app may enable collection of limited user data by TabTale or its carefully selected providers (e.g. ad networks and analytics) for limited purposes described in our Privacy Policy (e.g. respond to support queries; enable, analyze and improve the app’s features and services; serve contextual ads and measure their performance). The app includes certain features only accessible behind an age-gate to protect children (e.g. restrict behavioral ads; social networks links to connect with others while playing; option to accept push notifications to inform of exciting news e.g. updates). For more information (notably on the providers), please read our Privacy Policy: https://tabtale.com/privacy-policy/. By downloading, updating or using the app you consent (in your personal capacity and for other users of your device) to this collection and use of limited device information for ad display and reporting purposes, and to our Terms of Use: https://tabtale.com/terms-of-use/.","[['cleaning', 'facial'], ['design'], ['touch', 'add'], ['items', 'makeup'], ['create', 'real-life'], ['dance', 'routines'], ['tons'], ['high', 'school'], ['analyze'], ['certain', 'includes'], ['app'], ['personal', 'capacity'], ['redirect', 'users'], ['books'], ['third-party', 'apps', 'sites'], ['creator'], ['whole', 'family'], ['serve', 'contextual'], ['read', 'please'], ['purchases'], ['information', 'ad'], ['reporting', 'display'], ['device', 'collection'], ['limited'], ['respond', 'support'], ['news', 'e'], ['e', 'g'], ['networks', 'social'], ['ad', 'networks'], [], ['earn', 'popularity']]","[['feel', 'get'], ['nail', 'paint', 'art', 'file'], ['spa', 'makeup'], ['style', 'tons', 'items', 'style', 'hair'], ['dance', 'moves', 'real-life', 'dance', 'moves'], ['combinations', 'real-life', 'tons', 'real-life', 'dance'], ['stylish', 'clothing', 'choose', 'time'], ['go', 'Features', 'love', 'high', 'school'], ['app', 'enable', 'improve', 'queries'], ['app', 'features'], ['matters', 'The', 'using', 'consent', 'app', 'free', 'play'], ['consent', 'users'], ['sites', 'parties'], ['apps', 'educational', 'games', 'interactive'], ['unique', 'apps', 'kids'], ['leading', 'global', 'games', 'innovative'], ['kids', 'games', '3D', 'simulation-based', 'games'], ['services', 'ads', 'ads', 'measure', 'performance'], ['Privacy', 'providers', 'carefully', 'selected', 'providers'], ['restrict', 'device', 'disabling', 'in-app'], ['device', 'display'], ['ad', 'purposes', 'reporting', 'purposes', 'Terms'], ['use', 'users'], ['device', 'analytics', 'use', 'purposes'], ['g', 'queries'], ['exciting', 'g'], ['respond', 'ad', 'providers', 'e', 'g'], ['ads', 'links'], ['analytics', 'g'], ['blush', 'make', 'points', 'popular', 'become', 'cafeteria'], ['hearts', 'points', 'others', 'playing', 'option']]"
Fruit Pop!,"Play Fruit Pop, the original free ""Match 3"" fruit slicing game, with over 10,000,000 downloads worldwide! Connect colorful, animated fruits and make them explode to score as many points as you can before time runs out. Go fast enough and you will enter Frenzy Mode for super high scores and exciting action!

What players have to say:
  •  “The perfect blend of simplicity and challenge. Endlessly entertaining!” 
  • “A total blast to play. You won’t be able to put this game down!” 
  • “Easy, fun, and perfect for downtime.” 

Download Fruit Pop to:
  • Compete with your friends in the weekly tournament
  • See fruit explode in colorful 3D
  • Complete fruit popping missions for extra coins
  • Unlock fun and helpful boosts

Juicy Fruit Pop tips: 
  • Slice fruit chains quickly to enter FRENZY mode! 
  • Bombs are powerful, but can distract your attention. 
  • Rainbow fruit is most difficult to master, but can create HUGE chains.

Now get popping!","[[], ['fruits'], ['perfect'], ['popping'], ['game']]","[['tournament', 'scores', 'action', 'exciting', 'friends', 'weekly'], ['explode', 'make', 'animated', 'colorful', 'total', 'blast', 'play'], ['fun', 'The', 'blend', 'downtime', 'fun', 'helpful', 'boosts'], ['Now', 'fruit', 'missions', 'get', 'missions', 'extra', 'coins'], ['slicing', 'put', 'fruit', 'able', 'fruit', 'difficult', 'master']]"
High School Car Driving Test,"It’s the Big Day! Are you all set to earn your driving license today? From the makers of superhit game Driving Academy 2018 Simulator and Parking Frenzy 2.0 comes a challenging new game – High School Car Driving Test

Take charge of the car and brush up the road rules. Master those tricky parking spots – between two vehicles, reverse parking, garage parking, etc. Can you impress the driving instructor and earn your license to freedom?

Master the Road Signs chapter where just like real life you got to pay close attention to the road rules. Learn about the tricky Reverse Curve, Pretzel Loop or even how to follow the rules in crazy traffic. Become an expert driver as you perfect all the rules!

Go ahead, enjoy the pleasure of driving by yourself! Download NOW for free High School Car Driving Test @Games2Win from the Apple App Store.

High School Car Driving Test Features: 
- 100 awesome cars to drive in. 
- 6 exciting chapters – License Test, Parking Garage, Car Control, Road Signs, Night Drive and a Free Drive mode 
- Total of 170 exciting levels to play. 
- Explore the beauty of 2 big cities in the Free Drive mode. Experience Day and Night driving in these cities.
- Enjoy the realistic driving mechanics. 
- Experience real life driving tests.

Games2Win is a fun company that believes in creating amazing and enjoyable games for all ages. We have over 800+ proprietary games that are available both online and on mobile. Some of our smash hit games are Driving Academy 2018 Simulator, Parking Frenzy, Star Fashion Designer, Fashion Diva, Power Cricket T20 and BFF High School Fashion. Currently, our company boasts of more than 120+ million app downloads and 10 million gamers a month. And this is just the beginning!

VISIT US: http://games2win.com

LIKE US: http://facebook.com/Games2win

FOLLOW US: http://twitter.com/Games2win

MAIL US : mobile@games2win.com for any problems you may have with High School Car Driving Test.

Privacy Policy: http://www.games2win.com/corporate/privacy-policy.asp","[['game'], ['games'], ['perfect', 'driver'], ['brush', 'road'], ['rules'], ['life'], ['driving', 'license'], []]","[['new', 'superhit', 'challenging', 'makers', '2', 'big', 'cities'], ['enjoyable', 'smash', 'amazing', 'hit', '800', 'proprietary', 'games'], ['rules', 'expert'], ['rules', 'car', 'charge', 'car', 'brush'], ['even', 'follow', 'crazy', 'traffic'], ['real', 'tests', 'Experience', 'driving'], ['earn', 'today', 'instructor', 'earn', 'license'], ['etc', 'cars', 'awesome', 'garage', 'parking', '100']]"
MaxPreps,"MaxPreps is America’s Source for High School Sports.

High school sports fans: Follow your favorite high school teams and get alerted when new information is available.  Find schedules, scores, rosters, stats and standings.  Get push notifications for game scores and when your favorite teams updates their sports information.

+ Get exclusive push notifications about your favorite teams
+ See real-time updates from all your favorite teams when games are scored live in the News Tab
+ Easily contribute live scores when attending a game, or become an official MaxPreps scorer and have fun providing live play-by-play updates to remote fans using the Scores Tab
+ Obtain an alert when your favorite team’s rankings are updated or when new photos or videos are published
+ Automatically get regional scores for teams in surrounding neighborhoods on the Scores Tab

With the most timely and complete high school sports information anywhere, the MaxPreps app is exactly what every high school sports fan needs to keep up with their favorite teams.

COACHES: Get our free team management and communication app, Teams by MaxPreps. Log in with your MaxPreps coach admin account credentials and share your team's unique app code to get your athletes and parents access. 

Feel free to email us anytime at, support@maxpreps.com.

***Currently available sports: Baseball, B/G Basketball, Field Hockey, Football, B/G Ice Hockey, B/G Lacrosse, B/G Soccer, Softball, B/G Volleyball, B/G Water Polo

***MaxPreps has, by far, the largest national database of high school information; but not every team or school participates at the same level.  The more information your favorite team or school provides MaxPreps the better you’ll be able to enjoy your MaxPreps App experience.","[['athletes', 'get'], ['push', 'notifications'], ['stats', 'rosters'], ['game', 'scores'], ['live', 'providing'], ['information'], ['favorite', 'team'], ['high', 'school'], ['school', 'sports'], ['updates', 'sports'], ['updates'], ['regional', 'scores'], ['favorite', 'teams'], ['credentials', 'share'], ['admin', 'account'], ['new', 'updated']]","[['code', 'parents'], ['exclusive', 'Get', 'standings', 'Get', 'push'], ['standings', 'scores', 'schedules', 'scores', 'rosters'], ['attending', 'favorite', 'game', 'become', 'official'], ['fun', 'play-by-play', 'contribute', 'live', 'scores'], ['new', 'alerted', 'The', 'level'], ['information', 'school', 'team', 'school', 'participates'], ['every', 'teams'], ['high', 'information', 'school', 'sports', 'fans'], ['information', 'teams'], ['live', 'play-by-play', 'See', 'real-time'], ['teams', 'get'], ['keep', 'scores', 'updates', 'favorite', 'teams'], ['account', 'team'], ['credentials', 'coach'], ['photos', 'rankings', 'far', 'largest', 'national']]"
The Tower,"Build the tallest tower in the world to reach the sky with a power of one-tap gameplay!

Beat your friends, unlock new towers, discover all locations.",[['power']],"[['sky', 'one-tap', 'reach', 'gameplay', 'tower', 'world', 'reach']]"
